shipment_id,status,date,hour,timezone,city_locality,state,lat,lon,pod_url
84670515652,CAN'T_LEAVE_IT_UNATTENDED,09-24-2022,08:40:15,America/New_York,,NY,,,
84670515651,CAN'T_LEAVE_IT_UNATTENDED,09-24-2022,08:40:08,America/New_York,,NY,,,
84670515651,DELIVERY,09-24-2022,08:41:05,America/New_York,,NY,,,https://d15p8tr8p0vffz.cloudfront.net/285eccfd4c9e8088f3fb7ab4/800x.png
67660011023,DELIVERY,09-24-2022,08:40:19,America/New_York,,NY,,,https://d15p8tr8p0vffz.cloudfront.net/27bdcc9eba05e62c2d067b17/800x.png
AE01,"ON HOLD",09-24-2022,08:50:57,America/New_York,,PA,,,
AE02,"ON HOLD",09-24-2022,08:50:57,America/New_York,,PA,,,
AE03,"ON HOLD",09-24-2022,08:50:57,America/New_York,,PA,,,
AE04,"ON HOLD",09-24-2022,08:50:57,America/New_York,,PA,,,
AE05,"ON HOLD",09-24-2022,08:50:57,America/New_York,,PA,,,
AE06,"ON HOLD",09-24-2022,08:50:57,America/New_York,,PA,,,
AE07,"ON HOLD",09-24-2022,08:50:57,America/New_York,,DE,,,
AE08,"ON HOLD",09-24-2022,08:50:57,America/New_York,,DE,,,
AE09,"ON HOLD",09-24-2022,08:50:57,America/New_York,,DE,,,
AE10,"ON HOLD",09-24-2022,08:50:57,America/New_York,,PA,,,
AE11,"ON HOLD",09-24-2022,08:50:57,America/New_York,,PA,,,
AE12,"ON HOLD",09-24-2022,08:50:57,America/New_York,,PA,,,
AE13,"ON HOLD",09-24-2022,08:50:58,America/New_York,,PA,,,
AE14,"ON HOLD",09-24-2022,08:50:58,America/New_York,,PA,,,
AE15,"ON HOLD",09-24-2022,08:50:58,America/New_York,,PA,,,
AE16,"ON HOLD",09-24-2022,08:50:58,America/New_York,,PA,,,
AE17,"ON HOLD",09-24-2022,08:50:58,America/New_York,,DE,,,
AE18,"ON HOLD",09-24-2022,08:50:58,America/New_York,,PA,,,
AE19,"ON HOLD",09-24-2022,08:50:58,America/New_York,,PA,,,
AE20,"ON HOLD",09-24-2022,08:50:58,America/New_York,,PA,,,
AE21,"ON HOLD",09-24-2022,08:50:58,America/New_York,,PA,,,
AE22,"ON HOLD",09-24-2022,08:50:58,America/New_York,,PA,,,
AE23,"ON HOLD",09-24-2022,08:50:58,America/New_York,,PA,,,
AE24,"ON HOLD",09-24-2022,08:50:58,America/New_York,,PA,,,
AE25,"ON HOLD",09-24-2022,08:50:58,America/New_York,,PA,,,
AE26,"ON HOLD",09-24-2022,08:50:58,America/New_York,,PA,,,
AE27,"ON HOLD",09-24-2022,08:50:58,America/New_York,,PA,,,
AE28,"ON HOLD",09-24-2022,08:50:58,America/New_York,,PA,,,
AE29,"ON HOLD",09-24-2022,08:50:58,America/New_York,,PA,,,
AE30,"ON HOLD",09-24-2022,08:50:58,America/New_York,,PA,,,
AE31,"ON HOLD",09-24-2022,08:50:58,America/New_York,,PA,,,
AE32,"ON HOLD",09-24-2022,08:50:58,America/New_York,,PA,,,
AE33,"ON HOLD",09-24-2022,08:50:58,America/New_York,,PA,,,
AE34,"ON HOLD",09-24-2022,08:50:58,America/New_York,,DE,,,
AE35,"ON HOLD",09-24-2022,08:50:58,America/New_York,,DE,,,
AE36,"ON HOLD",09-24-2022,08:50:58,America/New_York,,DE,,,
AE37,"ON HOLD",09-24-2022,08:50:58,America/New_York,,DE,,,
AE38,"ON HOLD",09-24-2022,08:50:58,America/New_York,,DE,,,
AE39,"ON HOLD",09-24-2022,08:50:58,America/New_York,,DE,,,
AE40,"ON HOLD",09-24-2022,08:50:58,America/New_York,,DE,,,
AE41,"ON HOLD",09-24-2022,08:50:58,America/New_York,,DE,,,
AE42,"ON HOLD",09-24-2022,08:50:58,America/New_York,,PA,,,
AE43,"ON HOLD",09-24-2022,08:50:58,America/New_York,,DE,,,
AE44,"ON HOLD",09-24-2022,08:50:58,America/New_York,,DE,,,
AE45,"ON HOLD",09-24-2022,08:50:58,America/New_York,,DE,,,
AE46,"ON HOLD",09-24-2022,08:50:58,America/New_York,,DE,,,
AE47,"ON HOLD",09-24-2022,08:50:58,America/New_York,,PA,,,
AE48,"ON HOLD",09-24-2022,08:50:58,America/New_York,,PA,,,
AE49,"ON HOLD",09-24-2022,08:50:58,America/New_York,,PA,,,
AE50,"ON HOLD",09-24-2022,08:50:58,America/New_York,,PA,,,
AE51,"ON HOLD",09-24-2022,08:50:58,America/New_York,,PA,,,
AE52,"ON HOLD",09-24-2022,08:50:58,America/New_York,,PA,,,
AE53,"ON HOLD",09-24-2022,08:50:58,America/New_York,,DE,,,
AE54,"ON HOLD",09-24-2022,08:50:58,America/New_York,,DE,,,
AE55,"ON HOLD",09-24-2022,08:50:58,America/New_York,,DE,,,
AE56,"ON HOLD",09-24-2022,08:50:58,America/New_York,,PA,,,
AE57,"ON HOLD",09-24-2022,08:50:58,America/New_York,,PA,,,
AE58,"ON HOLD",09-24-2022,08:50:58,America/New_York,,PA,,,
AE59,"ON HOLD",09-24-2022,08:50:58,America/New_York,,PA,,,
AE60,"ON HOLD",09-24-2022,08:50:58,America/New_York,,PA,,,
AE61,"ON HOLD",09-24-2022,08:50:58,America/New_York,,PA,,,
AE62,"ON HOLD",09-24-2022,08:50:58,America/New_York,,PA,,,
AE63,"ON HOLD",09-24-2022,08:50:58,America/New_York,,DE,,,
AE64,"ON HOLD",09-24-2022,08:50:58,America/New_York,,PA,,,
AE65,"ON HOLD",09-24-2022,08:50:58,America/New_York,,PA,,,
AE66,"ON HOLD",09-24-2022,08:50:58,America/New_York,,PA,,,
AE67,"ON HOLD",09-24-2022,08:50:58,America/New_York,,PA,,,
AE68,"ON HOLD",09-24-2022,08:50:58,America/New_York,,PA,,,
AE69,"ON HOLD",09-24-2022,08:50:58,America/New_York,,PA,,,
AE70,"ON HOLD",09-24-2022,08:50:58,America/New_York,,PA,,,
AE71,"ON HOLD",09-24-2022,08:50:58,America/New_York,,PA,,,
AE72,"ON HOLD",09-24-2022,08:50:58,America/New_York,,PA,,,
AE73,"ON HOLD",09-24-2022,08:50:58,America/New_York,,PA,,,
AE74,"ON HOLD",09-24-2022,08:50:58,America/New_York,,PA,,,
AE75,"ON HOLD",09-24-2022,08:50:58,America/New_York,,PA,,,
AE76,"ON HOLD",09-24-2022,08:50:58,America/New_York,,PA,,,
AE77,"ON HOLD",09-24-2022,08:50:58,America/New_York,,PA,,,
AE78,"ON HOLD",09-24-2022,08:50:58,America/New_York,,PA,,,
AE79,"ON HOLD",09-24-2022,08:50:58,America/New_York,,PA,,,
AE80,"ON HOLD",09-24-2022,08:50:58,America/New_York,,DE,,,
AE81,"ON HOLD",09-24-2022,08:50:58,America/New_York,,DE,,,
AE82,"ON HOLD",09-24-2022,08:50:58,America/New_York,,DE,,,
AE83,"ON HOLD",09-24-2022,08:50:58,America/New_York,,DE,,,
AE84,"ON HOLD",09-24-2022,08:50:58,America/New_York,,DE,,,
AE85,"ON HOLD",09-24-2022,08:50:58,America/New_York,,DE,,,
AE86,"ON HOLD",09-24-2022,08:50:58,America/New_York,,DE,,,
AE87,"ON HOLD",09-24-2022,08:50:58,America/New_York,,DE,,,
AE88,"ON HOLD",09-24-2022,08:50:58,America/New_York,,PA,,,
AE89,"ON HOLD",09-24-2022,08:50:58,America/New_York,,DE,,,
AE90,"ON HOLD",09-24-2022,08:50:58,America/New_York,,DE,,,
AE91,"ON HOLD",09-24-2022,08:50:58,America/New_York,,DE,,,
AE92,"ON HOLD",09-24-2022,08:50:58,America/New_York,,DE,,,
AE93,"ON HOLD",09-24-2022,08:50:58,America/New_York,,,,,
AE94,"ON HOLD",09-24-2022,08:50:58,America/New_York,,,,,
AE95,"ON HOLD",09-24-2022,08:50:58,America/New_York,,,,,
AE96,"ON HOLD",09-24-2022,08:50:58,America/New_York,,,,,
AE97,"ON HOLD",09-24-2022,08:50:58,America/New_York,,,,,
AE98,"ON HOLD",09-24-2022,08:50:58,America/New_York,,,,,
AE99,"ON HOLD",09-24-2022,08:50:58,America/New_York,,,,,
AE100,"ON HOLD",09-24-2022,08:50:58,America/New_York,,,,,
AE101,"ON HOLD",09-24-2022,08:50:58,America/New_York,,,,,
AE102,"ON HOLD",09-24-2022,08:50:58,America/New_York,,,,,
AE103,"ON HOLD",09-24-2022,08:50:58,America/New_York,,,,,
AE104,"ON HOLD",09-24-2022,08:50:58,America/New_York,,,,,
AE105,"ON HOLD",09-24-2022,08:50:58,America/New_York,,,,,
AE106,"ON HOLD",09-24-2022,08:50:58,America/New_York,,,,,
AE107,"ON HOLD",09-24-2022,08:50:58,America/New_York,,,,,
AE108,"ON HOLD",09-24-2022,08:50:58,America/New_York,,,,,
AE109,"ON HOLD",09-24-2022,08:50:58,America/New_York,,,,,
AE110,"ON HOLD",09-24-2022,08:50:58,America/New_York,,,,,
AE111,"ON HOLD",09-24-2022,08:50:58,America/New_York,,,,,
AE112,"ON HOLD",09-24-2022,08:50:58,America/New_York,,,,,
AE113,"ON HOLD",09-24-2022,08:50:58,America/New_York,,,,,
AE114,"ON HOLD",09-24-2022,08:50:58,America/New_York,,,,,
AE115,"ON HOLD",09-24-2022,08:50:58,America/New_York,,,,,
AE116,"ON HOLD",09-24-2022,08:50:58,America/New_York,,,,,
AE117,"ON HOLD",09-24-2022,08:50:58,America/New_York,,,,,
AE118,"ON HOLD",09-24-2022,08:50:58,America/New_York,,,,,
AE119,"ON HOLD",09-24-2022,08:50:58,America/New_York,,,,,
AE120,"ON HOLD",09-24-2022,08:50:58,America/New_York,,,,,
AE121,"ON HOLD",09-24-2022,08:50:58,America/New_York,,,,,
AE122,"ON HOLD",09-24-2022,08:50:58,America/New_York,,,,,
AE123,"ON HOLD",09-24-2022,08:50:58,America/New_York,,,,,
AE124,"ON HOLD",09-24-2022,08:50:58,America/New_York,,,,,
AE125,"ON HOLD",09-24-2022,08:50:58,America/New_York,,,,,
AE126,"ON HOLD",09-24-2022,08:50:58,America/New_York,,,,,
AE127,"ON HOLD",09-24-2022,08:50:58,America/New_York,,,,,
AE128,"ON HOLD",09-24-2022,08:50:58,America/New_York,,,,,
AE129,"ON HOLD",09-24-2022,08:50:58,America/New_York,,,,,
AE130,"ON HOLD",09-24-2022,08:50:58,America/New_York,,,,,
AE131,"ON HOLD",09-24-2022,08:50:58,America/New_York,,,,,
AE132,"ON HOLD",09-24-2022,08:50:58,America/New_York,,,,,
AE133,"ON HOLD",09-24-2022,08:50:58,America/New_York,,,,,
AE134,"ON HOLD",09-24-2022,08:50:58,America/New_York,,,,,
AE135,"ON HOLD",09-24-2022,08:50:58,America/New_York,,,,,
AE136,"ON HOLD",09-24-2022,08:50:58,America/New_York,,,,,
AE137,"ON HOLD",09-24-2022,08:50:58,America/New_York,,,,,
AE138,"ON HOLD",09-24-2022,08:50:58,America/New_York,,,,,
AE139,"ON HOLD",09-24-2022,08:50:58,America/New_York,,,,,
AE140,"ON HOLD",09-24-2022,08:50:58,America/New_York,,,,,
AE141,"ON HOLD",09-24-2022,08:50:58,America/New_York,,,,,
AE142,"ON HOLD",09-24-2022,08:50:58,America/New_York,,,,,
AE143,"ON HOLD",09-24-2022,08:50:58,America/New_York,,,,,
AE144,"ON HOLD",09-24-2022,08:50:58,America/New_York,,,,,
AE145,"ON HOLD",09-24-2022,08:50:58,America/New_York,,,,,
AE146,"ON HOLD",09-24-2022,08:50:58,America/New_York,,,,,
AE147,"ON HOLD",09-24-2022,08:50:58,America/New_York,,,,,
AE148,"ON HOLD",09-24-2022,08:50:58,America/New_York,,,,,
AE149,"ON HOLD",09-24-2022,08:50:58,America/New_York,,,,,
AE150,"ON HOLD",09-24-2022,08:50:58,America/New_York,,,,,
AE151,"ON HOLD",09-24-2022,08:50:58,America/New_York,,,,,
AE152,"ON HOLD",09-24-2022,08:50:58,America/New_York,,,,,
AE153,"ON HOLD",09-24-2022,08:50:58,America/New_York,,,,,
AE154,"ON HOLD",09-24-2022,08:50:58,America/New_York,,,,,
AE155,"ON HOLD",09-24-2022,08:50:58,America/New_York,,,,,
AE156,"ON HOLD",09-24-2022,08:50:58,America/New_York,,,,,
AE157,"ON HOLD",09-24-2022,08:50:58,America/New_York,,,,,
AE158,"ON HOLD",09-24-2022,08:50:58,America/New_York,,,,,
AE159,"ON HOLD",09-24-2022,08:50:58,America/New_York,,,,,
AE160,"ON HOLD",09-24-2022,08:50:58,America/New_York,,,,,
AE161,"ON HOLD",09-24-2022,08:50:58,America/New_York,,,,,
AE162,"ON HOLD",09-24-2022,08:50:58,America/New_York,,,,,
AE163,"ON HOLD",09-24-2022,08:50:58,America/New_York,,,,,
AE164,"ON HOLD",09-24-2022,08:50:58,America/New_York,,,,,
AE165,"ON HOLD",09-24-2022,08:50:58,America/New_York,,,,,
AE166,"ON HOLD",09-24-2022,08:50:58,America/New_York,,,,,
AE167,"ON HOLD",09-24-2022,08:50:58,America/New_York,,,,,
AE168,"ON HOLD",09-24-2022,08:50:58,America/New_York,,,,,
AE169,"ON HOLD",09-24-2022,08:50:58,America/New_York,,,,,
AE170,"ON HOLD",09-24-2022,08:50:58,America/New_York,,,,,
AE171,"ON HOLD",09-24-2022,08:50:58,America/New_York,,,,,
AE172,"ON HOLD",09-24-2022,08:50:58,America/New_York,,,,,
AE173,"ON HOLD",09-24-2022,08:50:58,America/New_York,,,,,
AE174,"ON HOLD",09-24-2022,08:50:58,America/New_York,,,,,
AE175,"ON HOLD",09-24-2022,08:50:58,America/New_York,,,,,
AE176,"ON HOLD",09-24-2022,08:50:58,America/New_York,,,,,
AE177,"ON HOLD",09-24-2022,08:50:58,America/New_York,,,,,
AE178,"ON HOLD",09-24-2022,08:50:58,America/New_York,,,,,
AE179,"ON HOLD",09-24-2022,08:50:58,America/New_York,,,,,
AE180,"ON HOLD",09-24-2022,08:50:58,America/New_York,,,,,
AE181,"ON HOLD",09-24-2022,08:50:58,America/New_York,,,,,
AE182,"ON HOLD",09-24-2022,08:50:58,America/New_York,,,,,
AE183,"ON HOLD",09-24-2022,08:50:58,America/New_York,,,,,
AE184,"ON HOLD",09-24-2022,08:50:58,America/New_York,,,,,
AE185,"ON HOLD",09-24-2022,08:50:58,America/New_York,,,,,
AE186,"ON HOLD",09-24-2022,08:50:58,America/New_York,,,,,
AE187,"ON HOLD",09-24-2022,08:50:58,America/New_York,,,,,
AE188,"ON HOLD",09-24-2022,08:50:58,America/New_York,,,,,
AE189,"ON HOLD",09-24-2022,08:50:58,America/New_York,,,,,
AE190,"ON HOLD",09-24-2022,08:50:58,America/New_York,,,,,
AE191,"ON HOLD",09-24-2022,08:50:58,America/New_York,,,,,
AE192,"ON HOLD",09-24-2022,08:50:58,America/New_York,,,,,
AE193,"ON HOLD",09-24-2022,08:50:58,America/New_York,,,,,
AE194,"ON HOLD",09-24-2022,08:50:58,America/New_York,,,,,
AE195,"ON HOLD",09-24-2022,08:50:58,America/New_York,,,,,
AE196,"ON HOLD",09-24-2022,08:50:58,America/New_York,,,,,
AE197,"ON HOLD",09-24-2022,08:50:58,America/New_York,,,,,
AE198,"ON HOLD",09-24-2022,08:50:58,America/New_York,,,,,
AE199,"ON HOLD",09-24-2022,08:50:58,America/New_York,,,,,
AE200,"ON HOLD",09-24-2022,08:50:58,America/New_York,,,,,
AE201,"ON HOLD",09-24-2022,08:50:58,America/New_York,,,,,
AE202,"ON HOLD",09-24-2022,08:50:58,America/New_York,,,,,
AE203,"ON HOLD",09-24-2022,08:50:58,America/New_York,,,,,
AE204,"ON HOLD",09-24-2022,08:50:58,America/New_York,,,,,
AE205,"ON HOLD",09-24-2022,08:50:58,America/New_York,,,,,
AE206,"ON HOLD",09-24-2022,08:50:58,America/New_York,,,,,
AE207,"ON HOLD",09-24-2022,08:50:58,America/New_York,,,,,
AE208,"ON HOLD",09-24-2022,08:50:58,America/New_York,,,,,
AE209,"ON HOLD",09-24-2022,08:50:59,America/New_York,,,,,
AE210,"ON HOLD",09-24-2022,08:50:59,America/New_York,,,,,
AE211,"ON HOLD",09-24-2022,08:50:59,America/New_York,,,,,
AE212,"ON HOLD",09-24-2022,08:50:59,America/New_York,,,,,
AE213,"ON HOLD",09-24-2022,08:50:59,America/New_York,,,,,
AE214,"ON HOLD",09-24-2022,08:50:59,America/New_York,,,,,
AE215,"ON HOLD",09-24-2022,08:50:59,America/New_York,,,,,
AE216,"ON HOLD",09-24-2022,08:50:59,America/New_York,,,,,
AE217,"ON HOLD",09-24-2022,08:50:59,America/New_York,,,,,
AE218,"ON HOLD",09-24-2022,08:50:59,America/New_York,,,,,
AE219,"ON HOLD",09-24-2022,08:50:59,America/New_York,,,,,
AE220,"ON HOLD",09-24-2022,08:50:59,America/New_York,,,,,
AE221,"ON HOLD",09-24-2022,08:50:59,America/New_York,,,,,
AE222,"ON HOLD",09-24-2022,08:50:59,America/New_York,,,,,
AE223,"ON HOLD",09-24-2022,08:50:59,America/New_York,,,,,
AE224,"ON HOLD",09-24-2022,08:50:59,America/New_York,,,,,
AE225,"ON HOLD",09-24-2022,08:50:59,America/New_York,,,,,
AE226,"ON HOLD",09-24-2022,08:50:59,America/New_York,,,,,
AE227,"ON HOLD",09-24-2022,08:50:59,America/New_York,,,,,
AE228,"ON HOLD",09-24-2022,08:50:59,America/New_York,,,,,
AE229,"ON HOLD",09-24-2022,08:50:59,America/New_York,,,,,
AE230,"ON HOLD",09-24-2022,08:50:59,America/New_York,,,,,
AE231,"ON HOLD",09-24-2022,08:50:59,America/New_York,,,,,
AE232,"ON HOLD",09-24-2022,08:50:59,America/New_York,,,,,
AE233,"ON HOLD",09-24-2022,08:50:59,America/New_York,,,,,
AE234,"ON HOLD",09-24-2022,08:50:59,America/New_York,,,,,
AE235,"ON HOLD",09-24-2022,08:50:59,America/New_York,,,,,
AE236,"ON HOLD",09-24-2022,08:50:59,America/New_York,,,,,
AE237,"ON HOLD",09-24-2022,08:50:59,America/New_York,,,,,
AE238,"ON HOLD",09-24-2022,08:50:59,America/New_York,,,,,
AE239,"ON HOLD",09-24-2022,08:50:59,America/New_York,,,,,
AE240,"ON HOLD",09-24-2022,08:50:59,America/New_York,,,,,
AE241,"ON HOLD",09-24-2022,08:50:59,America/New_York,,,,,
AE242,"ON HOLD",09-24-2022,08:50:59,America/New_York,,,,,
AE243,"ON HOLD",09-24-2022,08:50:59,America/New_York,,,,,
AE244,"ON HOLD",09-24-2022,08:50:59,America/New_York,,,,,
AE245,"ON HOLD",09-24-2022,08:50:59,America/New_York,,,,,
AE246,"ON HOLD",09-24-2022,08:50:59,America/New_York,,,,,
AE247,"ON HOLD",09-24-2022,08:50:59,America/New_York,,,,,
AE248,"ON HOLD",09-24-2022,08:50:59,America/New_York,,,,,
AE249,"ON HOLD",09-24-2022,08:50:59,America/New_York,,,,,
AE250,"ON HOLD",09-24-2022,08:50:59,America/New_York,,,,,
AE251,"ON HOLD",09-24-2022,08:50:59,America/New_York,,,,,
AE252,"ON HOLD",09-24-2022,08:50:59,America/New_York,,,,,
AE253,"ON HOLD",09-24-2022,08:50:59,America/New_York,,,,,
AE254,"ON HOLD",09-24-2022,08:50:59,America/New_York,,,,,
AE255,"ON HOLD",09-24-2022,08:50:59,America/New_York,,,,,
AE256,"ON HOLD",09-24-2022,08:50:59,America/New_York,,,,,
AE257,"ON HOLD",09-24-2022,08:50:59,America/New_York,,,,,
AE258,"ON HOLD",09-24-2022,08:50:59,America/New_York,,,,,
AE259,"ON HOLD",09-24-2022,08:50:59,America/New_York,,,,,
AE260,"ON HOLD",09-24-2022,08:50:59,America/New_York,,,,,
AE261,"ON HOLD",09-24-2022,08:50:59,America/New_York,,,,,
AE262,"ON HOLD",09-24-2022,08:50:59,America/New_York,,,,,
AE263,"ON HOLD",09-24-2022,08:50:59,America/New_York,,,,,
AE264,"ON HOLD",09-24-2022,08:50:59,America/New_York,,,,,
AE265,"ON HOLD",09-24-2022,08:50:59,America/New_York,,,,,
AE266,"ON HOLD",09-24-2022,08:50:59,America/New_York,,,,,
AE267,"ON HOLD",09-24-2022,08:50:59,America/New_York,,,,,
AE268,"ON HOLD",09-24-2022,08:50:59,America/New_York,,,,,
AE269,"ON HOLD",09-24-2022,08:50:59,America/New_York,,,,,
AE270,"ON HOLD",09-24-2022,08:50:59,America/New_York,,,,,
AE271,"ON HOLD",09-24-2022,08:50:59,America/New_York,,,,,
AE272,"ON HOLD",09-24-2022,08:50:59,America/New_York,,,,,
AE273,"ON HOLD",09-24-2022,08:50:59,America/New_York,,,,,
AE274,"ON HOLD",09-24-2022,08:50:59,America/New_York,,,,,
AE275,"ON HOLD",09-24-2022,08:50:59,America/New_York,,,,,
AE276,"ON HOLD",09-24-2022,08:50:59,America/New_York,,,,,
AE277,"ON HOLD",09-24-2022,08:50:59,America/New_York,,,,,
AE278,"ON HOLD",09-24-2022,08:50:59,America/New_York,,,,,
AE279,"ON HOLD",09-24-2022,08:50:59,America/New_York,,,,,
AE280,"ON HOLD",09-24-2022,08:50:59,America/New_York,,,,,
AE281,"ON HOLD",09-24-2022,08:50:59,America/New_York,,,,,
AE282,"ON HOLD",09-24-2022,08:50:59,America/New_York,,,,,
AE283,"ON HOLD",09-24-2022,08:50:59,America/New_York,,,,,
AE284,"ON HOLD",09-24-2022,08:50:59,America/New_York,,,,,
AE285,"ON HOLD",09-24-2022,08:50:59,America/New_York,,,,,
AE286,"ON HOLD",09-24-2022,08:50:59,America/New_York,,,,,
AE287,"ON HOLD",09-24-2022,08:50:59,America/New_York,,,,,
AE288,"ON HOLD",09-24-2022,08:50:59,America/New_York,,,,,
AE289,"ON HOLD",09-24-2022,08:50:59,America/New_York,,,,,
AE290,"ON HOLD",09-24-2022,08:50:59,America/New_York,,,,,
AE291,"ON HOLD",09-24-2022,08:50:59,America/New_York,,,,,
AE292,"ON HOLD",09-24-2022,08:50:59,America/New_York,,,,,
AE293,"ON HOLD",09-24-2022,08:50:59,America/New_York,,,,,
AE294,"ON HOLD",09-24-2022,08:50:59,America/New_York,,,,,
AE295,"ON HOLD",09-24-2022,08:50:59,America/New_York,,,,,
AE296,"ON HOLD",09-24-2022,08:50:59,America/New_York,,,,,
AE297,"ON HOLD",09-24-2022,08:50:59,America/New_York,,,,,
AE298,"ON HOLD",09-24-2022,08:50:59,America/New_York,,,,,
AE299,"ON HOLD",09-24-2022,08:50:59,America/New_York,,,,,
AE300,"ON HOLD",09-24-2022,08:50:59,America/New_York,,,,,
AE301,"ON HOLD",09-24-2022,08:50:59,America/New_York,,,,,
AE302,"ON HOLD",09-24-2022,08:50:59,America/New_York,,,,,
AE303,"ON HOLD",09-24-2022,08:50:59,America/New_York,,,,,
AE304,"ON HOLD",09-24-2022,08:50:59,America/New_York,,,,,
AE305,"ON HOLD",09-24-2022,08:50:59,America/New_York,,,,,
AE306,"ON HOLD",09-24-2022,08:50:59,America/New_York,,,,,
AE307,"ON HOLD",09-24-2022,08:50:59,America/New_York,,,,,
AE308,"ON HOLD",09-24-2022,08:50:59,America/New_York,,,,,
AE309,"ON HOLD",09-24-2022,08:50:59,America/New_York,,,,,
AE310,"ON HOLD",09-24-2022,08:50:59,America/New_York,,,,,
AE311,"ON HOLD",09-24-2022,08:50:59,America/New_York,,,,,
AE312,"ON HOLD",09-24-2022,08:50:59,America/New_York,,,,,
AE313,"ON HOLD",09-24-2022,08:50:59,America/New_York,,,,,
AE314,"ON HOLD",09-24-2022,08:50:59,America/New_York,,,,,
AE315,"ON HOLD",09-24-2022,08:50:59,America/New_York,,,,,
AE316,"ON HOLD",09-24-2022,08:50:59,America/New_York,,,,,
AE317,"ON HOLD",09-24-2022,08:50:59,America/New_York,,,,,
AE318,"ON HOLD",09-24-2022,08:50:59,America/New_York,,,,,
AE319,"ON HOLD",09-24-2022,08:50:59,America/New_York,,,,,
AE320,"ON HOLD",09-24-2022,08:50:59,America/New_York,,,,,
AE321,"ON HOLD",09-24-2022,08:50:59,America/New_York,,,,,
AE322,"ON HOLD",09-24-2022,08:50:59,America/New_York,,,,,
AE323,"ON HOLD",09-24-2022,08:50:59,America/New_York,,,,,
AE324,"ON HOLD",09-24-2022,08:50:59,America/New_York,,,,,
AE325,"ON HOLD",09-24-2022,08:50:59,America/New_York,,,,,
AE326,"ON HOLD",09-24-2022,08:50:59,America/New_York,,,,,
AE327,"ON HOLD",09-24-2022,08:50:59,America/New_York,,,,,
AE328,"ON HOLD",09-24-2022,08:50:59,America/New_York,,,,,
AE329,"ON HOLD",09-24-2022,08:50:59,America/New_York,,,,,
AE330,"ON HOLD",09-24-2022,08:50:59,America/New_York,,,,,
AE331,"ON HOLD",09-24-2022,08:50:59,America/New_York,,,,,
AE332,"ON HOLD",09-24-2022,08:50:59,America/New_York,,,,,
AE333,"ON HOLD",09-24-2022,08:50:59,America/New_York,,,,,
AE334,"ON HOLD",09-24-2022,08:50:59,America/New_York,,,,,
AE335,"ON HOLD",09-24-2022,08:50:59,America/New_York,,,,,
AE336,"ON HOLD",09-24-2022,08:50:59,America/New_York,,,,,
AE337,"ON HOLD",09-24-2022,08:50:59,America/New_York,,,,,
AE338,"ON HOLD",09-24-2022,08:50:59,America/New_York,,,,,
AE339,"ON HOLD",09-24-2022,08:50:59,America/New_York,,,,,
AE340,"ON HOLD",09-24-2022,08:50:59,America/New_York,,,,,
AE341,"ON HOLD",09-24-2022,08:50:59,America/New_York,,,,,
AE342,"ON HOLD",09-24-2022,08:50:59,America/New_York,,,,,
AE343,"ON HOLD",09-24-2022,08:50:59,America/New_York,,,,,
AE344,"ON HOLD",09-24-2022,08:50:59,America/New_York,,,,,
AE345,"ON HOLD",09-24-2022,08:50:59,America/New_York,,,,,
AE346,"ON HOLD",09-24-2022,08:50:59,America/New_York,,,,,
AE347,"ON HOLD",09-24-2022,08:50:59,America/New_York,,,,,
AE348,"ON HOLD",09-24-2022,08:50:59,America/New_York,,,,,
AE349,"ON HOLD",09-24-2022,08:50:59,America/New_York,,,,,
AE350,"ON HOLD",09-24-2022,08:50:59,America/New_York,,,,,
AE351,"ON HOLD",09-24-2022,08:50:59,America/New_York,,,,,
AE352,"ON HOLD",09-24-2022,08:50:59,America/New_York,,,,,
AE353,"ON HOLD",09-24-2022,08:50:59,America/New_York,,,,,
AE354,"ON HOLD",09-24-2022,08:50:59,America/New_York,,,,,
AE355,"ON HOLD",09-24-2022,08:50:59,America/New_York,,,,,
AE356,"ON HOLD",09-24-2022,08:50:59,America/New_York,,,,,
AE357,"ON HOLD",09-24-2022,08:50:59,America/New_York,,,,,
AE358,"ON HOLD",09-24-2022,08:50:59,America/New_York,,,,,
AE359,"ON HOLD",09-24-2022,08:50:59,America/New_York,,,,,
AE360,"ON HOLD",09-24-2022,08:50:59,America/New_York,,,,,
AE361,"ON HOLD",09-24-2022,08:50:59,America/New_York,,,,,
AE362,"ON HOLD",09-24-2022,08:50:59,America/New_York,,,,,
AE363,"ON HOLD",09-24-2022,08:50:59,America/New_York,,,,,
AE364,"ON HOLD",09-24-2022,08:50:59,America/New_York,,,,,
AE365,"ON HOLD",09-24-2022,08:50:59,America/New_York,,,,,
AE366,"ON HOLD",09-24-2022,08:50:59,America/New_York,,,,,
AE367,"ON HOLD",09-24-2022,08:50:59,America/New_York,,,,,
AE368,"ON HOLD",09-24-2022,08:50:59,America/New_York,,,,,
AE369,"ON HOLD",09-24-2022,08:50:59,America/New_York,,,,,
AE370,"ON HOLD",09-24-2022,08:50:59,America/New_York,,,,,
AE371,"ON HOLD",09-24-2022,08:50:59,America/New_York,,,,,
AE372,"ON HOLD",09-24-2022,08:50:59,America/New_York,,,,,
AE373,"ON HOLD",09-24-2022,08:50:59,America/New_York,,,,,
AE374,"ON HOLD",09-24-2022,08:50:59,America/New_York,,,,,
AE375,"ON HOLD",09-24-2022,08:50:59,America/New_York,,,,,
AE376,"ON HOLD",09-24-2022,08:50:59,America/New_York,,,,,
AE377,"ON HOLD",09-24-2022,08:50:59,America/New_York,,,,,
AE378,"ON HOLD",09-24-2022,08:50:59,America/New_York,,,,,
AE379,"ON HOLD",09-24-2022,08:50:59,America/New_York,,,,,
AE380,"ON HOLD",09-24-2022,08:50:59,America/New_York,,,,,
AE381,"ON HOLD",09-24-2022,08:50:59,America/New_York,,,,,
AE382,"ON HOLD",09-24-2022,08:50:59,America/New_York,,,,,
AE383,"ON HOLD",09-24-2022,08:50:59,America/New_York,,,,,
AE384,"ON HOLD",09-24-2022,08:50:59,America/New_York,,,,,
AE385,"ON HOLD",09-24-2022,08:50:59,America/New_York,,,,,
AE386,"ON HOLD",09-24-2022,08:50:59,America/New_York,,,,,
AE387,"ON HOLD",09-24-2022,08:50:59,America/New_York,,,,,
AE388,"ON HOLD",09-24-2022,08:50:59,America/New_York,,,,,
AE389,"ON HOLD",09-24-2022,08:50:59,America/New_York,,,,,
AE390,"ON HOLD",09-24-2022,08:50:59,America/New_York,,,,,
AE391,"ON HOLD",09-24-2022,08:50:59,America/New_York,,,,,
AE392,"ON HOLD",09-24-2022,08:50:59,America/New_York,,,,,
AE393,"ON HOLD",09-24-2022,08:50:59,America/New_York,,,,,
AE394,"ON HOLD",09-24-2022,08:50:59,America/New_York,,,,,
AE395,"ON HOLD",09-24-2022,08:50:59,America/New_York,,,,,
AE396,"ON HOLD",09-24-2022,08:50:59,America/New_York,,,,,
AE397,"ON HOLD",09-24-2022,08:50:59,America/New_York,,,,,
AE398,"ON HOLD",09-24-2022,08:50:59,America/New_York,,,,,
AE399,"ON HOLD",09-24-2022,08:50:59,America/New_York,,,,,
AE400,"ON HOLD",09-24-2022,08:50:59,America/New_York,,,,,
AE401,"ON HOLD",09-24-2022,08:50:59,America/New_York,,,,,
AE402,"ON HOLD",09-24-2022,08:50:59,America/New_York,,,,,
AE403,"ON HOLD",09-24-2022,08:50:59,America/New_York,,,,,
AE404,"ON HOLD",09-24-2022,08:50:59,America/New_York,,,,,
AE405,"ON HOLD",09-24-2022,08:50:59,America/New_York,,,,,
AE406,"ON HOLD",09-24-2022,08:50:59,America/New_York,,,,,
AE407,"ON HOLD",09-24-2022,08:50:59,America/New_York,,,,,
AE408,"ON HOLD",09-24-2022,08:50:59,America/New_York,,,,,
AE409,"ON HOLD",09-24-2022,08:50:59,America/New_York,,,,,
AE410,"ON HOLD",09-24-2022,08:50:59,America/New_York,,,,,
AE411,"ON HOLD",09-24-2022,08:50:59,America/New_York,,,,,
AE412,"ON HOLD",09-24-2022,08:50:59,America/New_York,,,,,
AE413,"ON HOLD",09-24-2022,08:50:59,America/New_York,,,,,
AE414,"ON HOLD",09-24-2022,08:50:59,America/New_York,,,,,
AE415,"ON HOLD",09-24-2022,08:50:59,America/New_York,,,,,
AE416,"ON HOLD",09-24-2022,08:50:59,America/New_York,,,,,
AE417,"ON HOLD",09-24-2022,08:50:59,America/New_York,,,,,
AE418,"ON HOLD",09-24-2022,08:50:59,America/New_York,,,,,
AE419,"ON HOLD",09-24-2022,08:50:59,America/New_York,,,,,
AE420,"ON HOLD",09-24-2022,08:50:59,America/New_York,,,,,
AE421,"ON HOLD",09-24-2022,08:50:59,America/New_York,,,,,
AE422,"ON HOLD",09-24-2022,08:50:59,America/New_York,,,,,
AE423,"ON HOLD",09-24-2022,08:50:59,America/New_York,,,,,
AE424,"ON HOLD",09-24-2022,08:50:59,America/New_York,,,,,
AE425,"ON HOLD",09-24-2022,08:50:59,America/New_York,,,,,
AE426,"ON HOLD",09-24-2022,08:50:59,America/New_York,,,,,
AE427,"ON HOLD",09-24-2022,08:50:59,America/New_York,,,,,
AE428,"ON HOLD",09-24-2022,08:50:59,America/New_York,,,,,
AE429,"ON HOLD",09-24-2022,08:50:59,America/New_York,,,,,
AE430,"ON HOLD",09-24-2022,08:50:59,America/New_York,,,,,
AE431,"ON HOLD",09-24-2022,08:50:59,America/New_York,,,,,
AE432,"ON HOLD",09-24-2022,08:50:59,America/New_York,,,,,
AE433,"ON HOLD",09-24-2022,08:50:59,America/New_York,,,,,
AE434,"ON HOLD",09-24-2022,08:50:59,America/New_York,,,,,
AE435,"ON HOLD",09-24-2022,08:50:59,America/New_York,,,,,
AE436,"ON HOLD",09-24-2022,08:50:59,America/New_York,,,,,
AE437,"ON HOLD",09-24-2022,08:50:59,America/New_York,,,,,
AE438,"ON HOLD",09-24-2022,08:50:59,America/New_York,,,,,
AE439,"ON HOLD",09-24-2022,08:50:59,America/New_York,,,,,
AE440,"ON HOLD",09-24-2022,08:50:59,America/New_York,,,,,
AE441,"ON HOLD",09-24-2022,08:50:59,America/New_York,,,,,
AE442,"ON HOLD",09-24-2022,08:50:59,America/New_York,,,,,
AE443,"ON HOLD",09-24-2022,08:50:59,America/New_York,,,,,
AE444,"ON HOLD",09-24-2022,08:50:59,America/New_York,,,,,
AE445,"ON HOLD",09-24-2022,08:50:59,America/New_York,,,,,
AE446,"ON HOLD",09-24-2022,08:50:59,America/New_York,,,,,
AE447,"ON HOLD",09-24-2022,08:50:59,America/New_York,,,,,
AE448,"ON HOLD",09-24-2022,08:50:59,America/New_York,,,,,
AE449,"ON HOLD",09-24-2022,08:50:59,America/New_York,,,,,
AE450,"ON HOLD",09-24-2022,08:50:59,America/New_York,,,,,
AE451,"ON HOLD",09-24-2022,08:50:59,America/New_York,,,,,
AE452,"ON HOLD",09-24-2022,08:50:59,America/New_York,,,,,
AE453,"ON HOLD",09-24-2022,08:50:59,America/New_York,,,,,
AE454,"ON HOLD",09-24-2022,08:50:59,America/New_York,,,,,
AE455,"ON HOLD",09-24-2022,08:50:59,America/New_York,,,,,
AE456,"ON HOLD",09-24-2022,08:50:59,America/New_York,,,,,
AE457,"ON HOLD",09-24-2022,08:50:59,America/New_York,,,,,
AE458,"ON HOLD",09-24-2022,08:50:59,America/New_York,,,,,
AE459,"ON HOLD",09-24-2022,08:50:59,America/New_York,,,,,
AE460,"ON HOLD",09-24-2022,08:50:59,America/New_York,,,,,
AE461,"ON HOLD",09-24-2022,08:50:59,America/New_York,,PA,,,
AE462,"ON HOLD",09-24-2022,08:50:59,America/New_York,,PA,,,
AE463,"ON HOLD",09-24-2022,08:50:59,America/New_York,,PA,,,
AE464,"ON HOLD",09-24-2022,08:50:59,America/New_York,,PA,,,
AE465,"ON HOLD",09-24-2022,08:50:59,America/New_York,,PA,,,
AE466,"ON HOLD",09-24-2022,08:50:59,America/New_York,,PA,,,
AE467,"ON HOLD",09-24-2022,08:50:59,America/New_York,,DE,,,
AE468,"ON HOLD",09-24-2022,08:50:59,America/New_York,,DE,,,
AE469,"ON HOLD",09-24-2022,08:50:59,America/New_York,,DE,,,
AE470,"ON HOLD",09-24-2022,08:50:59,America/New_York,,PA,,,
AE471,"ON HOLD",09-24-2022,08:50:59,America/New_York,,PA,,,
AE472,"ON HOLD",09-24-2022,08:50:59,America/New_York,,PA,,,
AE473,"ON HOLD",09-24-2022,08:50:59,America/New_York,,PA,,,
AE474,"ON HOLD",09-24-2022,08:50:59,America/New_York,,PA,,,
AE475,"ON HOLD",09-24-2022,08:50:59,America/New_York,,PA,,,
AE476,"ON HOLD",09-24-2022,08:50:59,America/New_York,,PA,,,
AE477,"ON HOLD",09-24-2022,08:50:59,America/New_York,,DE,,,
AE478,"ON HOLD",09-24-2022,08:50:59,America/New_York,,PA,,,
AE479,"ON HOLD",09-24-2022,08:50:59,America/New_York,,PA,,,
AE480,"ON HOLD",09-24-2022,08:50:59,America/New_York,,PA,,,
AE481,"ON HOLD",09-24-2022,08:51:00,America/New_York,,PA,,,
AE482,"ON HOLD",09-24-2022,08:51:00,America/New_York,,PA,,,
AE483,"ON HOLD",09-24-2022,08:51:00,America/New_York,,PA,,,
AE484,"ON HOLD",09-24-2022,08:51:00,America/New_York,,PA,,,
AE485,"ON HOLD",09-24-2022,08:51:00,America/New_York,,PA,,,
AE486,"ON HOLD",09-24-2022,08:51:00,America/New_York,,PA,,,
AE487,"ON HOLD",09-24-2022,08:51:00,America/New_York,,PA,,,
AE488,"ON HOLD",09-24-2022,08:51:00,America/New_York,,PA,,,
AE489,"ON HOLD",09-24-2022,08:51:00,America/New_York,,PA,,,
AE490,"ON HOLD",09-24-2022,08:51:00,America/New_York,,PA,,,
AE491,"ON HOLD",09-24-2022,08:51:00,America/New_York,,PA,,,
AE492,"ON HOLD",09-24-2022,08:51:00,America/New_York,,PA,,,
AE493,"ON HOLD",09-24-2022,08:51:00,America/New_York,,PA,,,
AE494,"ON HOLD",09-24-2022,08:51:00,America/New_York,,DE,,,
AE495,"ON HOLD",09-24-2022,08:51:00,America/New_York,,DE,,,
AE496,"ON HOLD",09-24-2022,08:51:00,America/New_York,,DE,,,
AE497,"ON HOLD",09-24-2022,08:51:00,America/New_York,,DE,,,
AE498,"ON HOLD",09-24-2022,08:51:00,America/New_York,,DE,,,
AE499,"ON HOLD",09-24-2022,08:51:00,America/New_York,,DE,,,
AE500,"ON HOLD",09-24-2022,08:51:00,America/New_York,,DE,,,
AE501,"ON HOLD",09-24-2022,08:51:00,America/New_York,,DE,,,
AE502,"ON HOLD",09-24-2022,08:51:00,America/New_York,,PA,,,
AE503,"ON HOLD",09-24-2022,08:51:00,America/New_York,,DE,,,
AE504,"ON HOLD",09-24-2022,08:51:00,America/New_York,,DE,,,
AE505,"ON HOLD",09-24-2022,08:51:00,America/New_York,,DE,,,
AE506,"ON HOLD",09-24-2022,08:51:00,America/New_York,,DE,,,
AE507,"ON HOLD",09-24-2022,08:51:00,America/New_York,,PA,,,
AE508,"ON HOLD",09-24-2022,08:51:00,America/New_York,,PA,,,
AE509,"ON HOLD",09-24-2022,08:51:00,America/New_York,,PA,,,
AE510,"ON HOLD",09-24-2022,08:51:00,America/New_York,,PA,,,
AE511,"ON HOLD",09-24-2022,08:51:00,America/New_York,,PA,,,
AE512,"ON HOLD",09-24-2022,08:51:00,America/New_York,,PA,,,
AE513,"ON HOLD",09-24-2022,08:51:00,America/New_York,,DE,,,
AE514,"ON HOLD",09-24-2022,08:51:00,America/New_York,,DE,,,
AE515,"ON HOLD",09-24-2022,08:51:00,America/New_York,,DE,,,
AE516,"ON HOLD",09-24-2022,08:51:00,America/New_York,,PA,,,
AE517,"ON HOLD",09-24-2022,08:51:00,America/New_York,,PA,,,
AE518,"ON HOLD",09-24-2022,08:51:00,America/New_York,,PA,,,
AE519,"ON HOLD",09-24-2022,08:51:00,America/New_York,,PA,,,
AE520,"ON HOLD",09-24-2022,08:51:00,America/New_York,,PA,,,
AE521,"ON HOLD",09-24-2022,08:51:00,America/New_York,,PA,,,
AE522,"ON HOLD",09-24-2022,08:51:00,America/New_York,,PA,,,
AE523,"ON HOLD",09-24-2022,08:51:00,America/New_York,,DE,,,
AE524,"ON HOLD",09-24-2022,08:51:00,America/New_York,,PA,,,
AE525,"ON HOLD",09-24-2022,08:51:00,America/New_York,,PA,,,
AE526,"ON HOLD",09-24-2022,08:51:00,America/New_York,,PA,,,
AE527,"ON HOLD",09-24-2022,08:51:00,America/New_York,,PA,,,
AE528,"ON HOLD",09-24-2022,08:51:00,America/New_York,,PA,,,
AE529,"ON HOLD",09-24-2022,08:51:00,America/New_York,,PA,,,
AE530,"ON HOLD",09-24-2022,08:51:00,America/New_York,,PA,,,
AE531,"ON HOLD",09-24-2022,08:51:00,America/New_York,,PA,,,
AE532,"ON HOLD",09-24-2022,08:51:00,America/New_York,,PA,,,
AE533,"ON HOLD",09-24-2022,08:51:00,America/New_York,,PA,,,
AE534,"ON HOLD",09-24-2022,08:51:00,America/New_York,,PA,,,
AE535,"ON HOLD",09-24-2022,08:51:00,America/New_York,,PA,,,
AE536,"ON HOLD",09-24-2022,08:51:00,America/New_York,,PA,,,
AE537,"ON HOLD",09-24-2022,08:51:00,America/New_York,,PA,,,
AE538,"ON HOLD",09-24-2022,08:51:00,America/New_York,,PA,,,
AE539,"ON HOLD",09-24-2022,08:51:00,America/New_York,,PA,,,
AE540,"ON HOLD",09-24-2022,08:51:00,America/New_York,,DE,,,
AE541,"ON HOLD",09-24-2022,08:51:00,America/New_York,,DE,,,
AE542,"ON HOLD",09-24-2022,08:51:00,America/New_York,,DE,,,
AE543,"ON HOLD",09-24-2022,08:51:00,America/New_York,,DE,,,
AE544,"ON HOLD",09-24-2022,08:51:00,America/New_York,,DE,,,
AE545,"ON HOLD",09-24-2022,08:51:00,America/New_York,,DE,,,
AE546,"ON HOLD",09-24-2022,08:51:00,America/New_York,,DE,,,
AE547,"ON HOLD",09-24-2022,08:51:00,America/New_York,,DE,,,
AE548,"ON HOLD",09-24-2022,08:51:00,America/New_York,,PA,,,
AE549,"ON HOLD",09-24-2022,08:51:00,America/New_York,,DE,,,
AE550,"ON HOLD",09-24-2022,08:51:00,America/New_York,,DE,,,
AE551,"ON HOLD",09-24-2022,08:51:00,America/New_York,,DE,,,
AE552,"ON HOLD",09-24-2022,08:51:00,America/New_York,,DE,,,
AE553,"ON HOLD",09-24-2022,08:51:00,America/New_York,,PA,,,
AE554,"ON HOLD",09-24-2022,08:51:00,America/New_York,,PA,,,
AE555,"ON HOLD",09-24-2022,08:51:00,America/New_York,,PA,,,
AE556,"ON HOLD",09-24-2022,08:51:00,America/New_York,,PA,,,
AE557,"ON HOLD",09-24-2022,08:51:00,America/New_York,,PA,,,
AE558,"ON HOLD",09-24-2022,08:51:00,America/New_York,,PA,,,
AE559,"ON HOLD",09-24-2022,08:51:00,America/New_York,,DE,,,
AE560,"ON HOLD",09-24-2022,08:51:00,America/New_York,,DE,,,
AE561,"ON HOLD",09-24-2022,08:51:00,America/New_York,,DE,,,
AE562,"ON HOLD",09-24-2022,08:51:00,America/New_York,,PA,,,
AE563,"ON HOLD",09-24-2022,08:51:00,America/New_York,,PA,,,
AE564,"ON HOLD",09-24-2022,08:51:00,America/New_York,,PA,,,
AE565,"ON HOLD",09-24-2022,08:51:00,America/New_York,,PA,,,
AE566,"ON HOLD",09-24-2022,08:51:00,America/New_York,,PA,,,
AE567,"ON HOLD",09-24-2022,08:51:00,America/New_York,,PA,,,
AE568,"ON HOLD",09-24-2022,08:51:00,America/New_York,,PA,,,
AE569,"ON HOLD",09-24-2022,08:51:00,America/New_York,,DE,,,
AE570,"ON HOLD",09-24-2022,08:51:00,America/New_York,,PA,,,
AE571,"ON HOLD",09-24-2022,08:51:00,America/New_York,,PA,,,
AE572,"ON HOLD",09-24-2022,08:51:00,America/New_York,,PA,,,
AE573,"ON HOLD",09-24-2022,08:51:00,America/New_York,,PA,,,
AE574,"ON HOLD",09-24-2022,08:51:00,America/New_York,,PA,,,
AE575,"ON HOLD",09-24-2022,08:51:00,America/New_York,,PA,,,
AE576,"ON HOLD",09-24-2022,08:51:00,America/New_York,,PA,,,
AE577,"ON HOLD",09-24-2022,08:51:00,America/New_York,,PA,,,
AE578,"ON HOLD",09-24-2022,08:51:00,America/New_York,,PA,,,
AE579,"ON HOLD",09-24-2022,08:51:00,America/New_York,,PA,,,
AE580,"ON HOLD",09-24-2022,08:51:00,America/New_York,,PA,,,
AE581,"ON HOLD",09-24-2022,08:51:00,America/New_York,,PA,,,
AE582,"ON HOLD",09-24-2022,08:51:00,America/New_York,,PA,,,
AE583,"ON HOLD",09-24-2022,08:51:00,America/New_York,,PA,,,
AE584,"ON HOLD",09-24-2022,08:51:00,America/New_York,,PA,,,
AE585,"ON HOLD",09-24-2022,08:51:00,America/New_York,,PA,,,
AE586,"ON HOLD",09-24-2022,08:51:00,America/New_York,,DE,,,
AE587,"ON HOLD",09-24-2022,08:51:00,America/New_York,,DE,,,
AE588,"ON HOLD",09-24-2022,08:51:00,America/New_York,,DE,,,
AE589,"ON HOLD",09-24-2022,08:51:00,America/New_York,,DE,,,
AE590,"ON HOLD",09-24-2022,08:51:00,America/New_York,,DE,,,
AE591,"ON HOLD",09-24-2022,08:51:00,America/New_York,,DE,,,
AE592,"ON HOLD",09-24-2022,08:51:00,America/New_York,,DE,,,
AE593,"ON HOLD",09-24-2022,08:51:00,America/New_York,,DE,,,
AE594,"ON HOLD",09-24-2022,08:51:00,America/New_York,,PA,,,
AE595,"ON HOLD",09-24-2022,08:51:00,America/New_York,,DE,,,
AE596,"ON HOLD",09-24-2022,08:51:00,America/New_York,,DE,,,
AE597,"ON HOLD",09-24-2022,08:51:00,America/New_York,,DE,,,
AE598,"ON HOLD",09-24-2022,08:51:00,America/New_York,,DE,,,
AE599,"ON HOLD",09-24-2022,08:51:00,America/New_York,,PA,,,
AE600,"ON HOLD",09-24-2022,08:51:00,America/New_York,,PA,,,
AE601,"ON HOLD",09-24-2022,08:51:00,America/New_York,,PA,,,
AE602,"ON HOLD",09-24-2022,08:51:00,America/New_York,,PA,,,
AE603,"ON HOLD",09-24-2022,08:51:00,America/New_York,,PA,,,
AE604,"ON HOLD",09-24-2022,08:51:00,America/New_York,,PA,,,
AE605,"ON HOLD",09-24-2022,08:51:00,America/New_York,,DE,,,
AE606,"ON HOLD",09-24-2022,08:51:00,America/New_York,,DE,,,
AE607,"ON HOLD",09-24-2022,08:51:00,America/New_York,,DE,,,
AE608,"ON HOLD",09-24-2022,08:51:00,America/New_York,,PA,,,
AE609,"ON HOLD",09-24-2022,08:51:00,America/New_York,,PA,,,
AE610,"ON HOLD",09-24-2022,08:51:00,America/New_York,,PA,,,
AE611,"ON HOLD",09-24-2022,08:51:00,America/New_York,,PA,,,
AE612,"ON HOLD",09-24-2022,08:51:00,America/New_York,,PA,,,
AE613,"ON HOLD",09-24-2022,08:51:00,America/New_York,,PA,,,
AE614,"ON HOLD",09-24-2022,08:51:00,America/New_York,,PA,,,
AE615,"ON HOLD",09-24-2022,08:51:00,America/New_York,,DE,,,
AE616,"ON HOLD",09-24-2022,08:51:00,America/New_York,,PA,,,
AE617,"ON HOLD",09-24-2022,08:51:00,America/New_York,,PA,,,
AE618,"ON HOLD",09-24-2022,08:51:00,America/New_York,,PA,,,
AE619,"ON HOLD",09-24-2022,08:51:00,America/New_York,,PA,,,
AE620,"ON HOLD",09-24-2022,08:51:00,America/New_York,,PA,,,
AE621,"ON HOLD",09-24-2022,08:51:00,America/New_York,,PA,,,
AE622,"ON HOLD",09-24-2022,08:51:00,America/New_York,,PA,,,
AE623,"ON HOLD",09-24-2022,08:51:00,America/New_York,,PA,,,
AE624,"ON HOLD",09-24-2022,08:51:00,America/New_York,,PA,,,
AE625,"ON HOLD",09-24-2022,08:51:00,America/New_York,,PA,,,
AE626,"ON HOLD",09-24-2022,08:51:00,America/New_York,,PA,,,
AE627,"ON HOLD",09-24-2022,08:51:00,America/New_York,,PA,,,
AE628,"ON HOLD",09-24-2022,08:51:00,America/New_York,,PA,,,
AE629,"ON HOLD",09-24-2022,08:51:00,America/New_York,,PA,,,
AE630,"ON HOLD",09-24-2022,08:51:00,America/New_York,,PA,,,
AE631,"ON HOLD",09-24-2022,08:51:00,America/New_York,,PA,,,
AE632,"ON HOLD",09-24-2022,08:51:00,America/New_York,,DE,,,
AE633,"ON HOLD",09-24-2022,08:51:00,America/New_York,,DE,,,
AE634,"ON HOLD",09-24-2022,08:51:00,America/New_York,,DE,,,
AE635,"ON HOLD",09-24-2022,08:51:00,America/New_York,,DE,,,
AE636,"ON HOLD",09-24-2022,08:51:00,America/New_York,,DE,,,
AE637,"ON HOLD",09-24-2022,08:51:00,America/New_York,,DE,,,
AE638,"ON HOLD",09-24-2022,08:51:00,America/New_York,,DE,,,
AE639,"ON HOLD",09-24-2022,08:51:00,America/New_York,,DE,,,
AE640,"ON HOLD",09-24-2022,08:51:00,America/New_York,,PA,,,
AE641,"ON HOLD",09-24-2022,08:51:00,America/New_York,,DE,,,
AE642,"ON HOLD",09-24-2022,08:51:00,America/New_York,,DE,,,
AE643,"ON HOLD",09-24-2022,08:51:00,America/New_York,,DE,,,
AE644,"ON HOLD",09-24-2022,08:51:00,America/New_York,,DE,,,
AE645,"ON HOLD",09-24-2022,08:51:00,America/New_York,,PA,,,
AE646,"ON HOLD",09-24-2022,08:51:00,America/New_York,,PA,,,
AE647,"ON HOLD",09-24-2022,08:51:00,America/New_York,,PA,,,
AE648,"ON HOLD",09-24-2022,08:51:00,America/New_York,,PA,,,
AE649,"ON HOLD",09-24-2022,08:51:00,America/New_York,,PA,,,
AE650,"ON HOLD",09-24-2022,08:51:00,America/New_York,,PA,,,
AE651,"ON HOLD",09-24-2022,08:51:00,America/New_York,,DE,,,
AE652,"ON HOLD",09-24-2022,08:51:00,America/New_York,,DE,,,
AE653,"ON HOLD",09-24-2022,08:51:00,America/New_York,,DE,,,
AE654,"ON HOLD",09-24-2022,08:51:00,America/New_York,,PA,,,
AE655,"ON HOLD",09-24-2022,08:51:00,America/New_York,,PA,,,
AE656,"ON HOLD",09-24-2022,08:51:00,America/New_York,,PA,,,
AE657,"ON HOLD",09-24-2022,08:51:00,America/New_York,,PA,,,
AE658,"ON HOLD",09-24-2022,08:51:00,America/New_York,,PA,,,
AE659,"ON HOLD",09-24-2022,08:51:00,America/New_York,,PA,,,
AE660,"ON HOLD",09-24-2022,08:51:00,America/New_York,,PA,,,
AE661,"ON HOLD",09-24-2022,08:51:00,America/New_York,,DE,,,
AE662,"ON HOLD",09-24-2022,08:51:00,America/New_York,,PA,,,
AE663,"ON HOLD",09-24-2022,08:51:00,America/New_York,,PA,,,
AE664,"ON HOLD",09-24-2022,08:51:00,America/New_York,,PA,,,
AE665,"ON HOLD",09-24-2022,08:51:00,America/New_York,,PA,,,
AE666,"ON HOLD",09-24-2022,08:51:00,America/New_York,,PA,,,
AE667,"ON HOLD",09-24-2022,08:51:00,America/New_York,,PA,,,
AE668,"ON HOLD",09-24-2022,08:51:00,America/New_York,,PA,,,
AE669,"ON HOLD",09-24-2022,08:51:00,America/New_York,,PA,,,
AE670,"ON HOLD",09-24-2022,08:51:00,America/New_York,,PA,,,
AE671,"ON HOLD",09-24-2022,08:51:00,America/New_York,,PA,,,
AE672,"ON HOLD",09-24-2022,08:51:00,America/New_York,,PA,,,
AE673,"ON HOLD",09-24-2022,08:51:00,America/New_York,,PA,,,
AE674,"ON HOLD",09-24-2022,08:51:00,America/New_York,,PA,,,
AE675,"ON HOLD",09-24-2022,08:51:00,America/New_York,,PA,,,
AE676,"ON HOLD",09-24-2022,08:51:00,America/New_York,,PA,,,
AE677,"ON HOLD",09-24-2022,08:51:00,America/New_York,,PA,,,
AE678,"ON HOLD",09-24-2022,08:51:00,America/New_York,,DE,,,
AE679,"ON HOLD",09-24-2022,08:51:00,America/New_York,,DE,,,
AE680,"ON HOLD",09-24-2022,08:51:00,America/New_York,,DE,,,
AE681,"ON HOLD",09-24-2022,08:51:00,America/New_York,,DE,,,
AE682,"ON HOLD",09-24-2022,08:51:00,America/New_York,,DE,,,
AE683,"ON HOLD",09-24-2022,08:51:00,America/New_York,,DE,,,
AE684,"ON HOLD",09-24-2022,08:51:00,America/New_York,,DE,,,
AE685,"ON HOLD",09-24-2022,08:51:00,America/New_York,,DE,,,
AE686,"ON HOLD",09-24-2022,08:51:00,America/New_York,,PA,,,
AE687,"ON HOLD",09-24-2022,08:51:00,America/New_York,,DE,,,
AE688,"ON HOLD",09-24-2022,08:51:00,America/New_York,,DE,,,
AE689,"ON HOLD",09-24-2022,08:51:00,America/New_York,,DE,,,
AE690,"ON HOLD",09-24-2022,08:51:00,America/New_York,,DE,,,
AE691,"ON HOLD",09-24-2022,08:51:00,America/New_York,,PA,,,
AE692,"ON HOLD",09-24-2022,08:51:00,America/New_York,,PA,,,
AE693,"ON HOLD",09-24-2022,08:51:00,America/New_York,,PA,,,
AE694,"ON HOLD",09-24-2022,08:51:00,America/New_York,,PA,,,
AE695,"ON HOLD",09-24-2022,08:51:00,America/New_York,,PA,,,
AE696,"ON HOLD",09-24-2022,08:51:00,America/New_York,,PA,,,
AE697,"ON HOLD",09-24-2022,08:51:00,America/New_York,,DE,,,
AE698,"ON HOLD",09-24-2022,08:51:00,America/New_York,,DE,,,
AE699,"ON HOLD",09-24-2022,08:51:00,America/New_York,,DE,,,
AE700,"ON HOLD",09-24-2022,08:51:00,America/New_York,,PA,,,
AE701,"ON HOLD",09-24-2022,08:51:00,America/New_York,,PA,,,
AE702,"ON HOLD",09-24-2022,08:51:00,America/New_York,,PA,,,
AE703,"ON HOLD",09-24-2022,08:51:00,America/New_York,,PA,,,
AE704,"ON HOLD",09-24-2022,08:51:00,America/New_York,,PA,,,
AE705,"ON HOLD",09-24-2022,08:51:00,America/New_York,,PA,,,
AE706,"ON HOLD",09-24-2022,08:51:00,America/New_York,,PA,,,
AE707,"ON HOLD",09-24-2022,08:51:00,America/New_York,,DE,,,
AE708,"ON HOLD",09-24-2022,08:51:00,America/New_York,,PA,,,
AE709,"ON HOLD",09-24-2022,08:51:00,America/New_York,,PA,,,
AE710,"ON HOLD",09-24-2022,08:51:00,America/New_York,,PA,,,
AE711,"ON HOLD",09-24-2022,08:51:00,America/New_York,,PA,,,
AE712,"ON HOLD",09-24-2022,08:51:00,America/New_York,,PA,,,
AE713,"ON HOLD",09-24-2022,08:51:00,America/New_York,,PA,,,
AE714,"ON HOLD",09-24-2022,08:51:00,America/New_York,,PA,,,
AE715,"ON HOLD",09-24-2022,08:51:00,America/New_York,,PA,,,
AE716,"ON HOLD",09-24-2022,08:51:00,America/New_York,,PA,,,
AE717,"ON HOLD",09-24-2022,08:51:00,America/New_York,,PA,,,
AE718,"ON HOLD",09-24-2022,08:51:00,America/New_York,,PA,,,
AE719,"ON HOLD",09-24-2022,08:51:00,America/New_York,,PA,,,
AE720,"ON HOLD",09-24-2022,08:51:00,America/New_York,,PA,,,
AE721,"ON HOLD",09-24-2022,08:51:00,America/New_York,,PA,,,
AE722,"ON HOLD",09-24-2022,08:51:00,America/New_York,,PA,,,
AE723,"ON HOLD",09-24-2022,08:51:00,America/New_York,,PA,,,
AE724,"ON HOLD",09-24-2022,08:51:00,America/New_York,,DE,,,
AE725,"ON HOLD",09-24-2022,08:51:00,America/New_York,,DE,,,
AE726,"ON HOLD",09-24-2022,08:51:00,America/New_York,,DE,,,
AE727,"ON HOLD",09-24-2022,08:51:00,America/New_York,,DE,,,
AE728,"ON HOLD",09-24-2022,08:51:00,America/New_York,,DE,,,
AE729,"ON HOLD",09-24-2022,08:51:00,America/New_York,,DE,,,
AE730,"ON HOLD",09-24-2022,08:51:00,America/New_York,,DE,,,
AE731,"ON HOLD",09-24-2022,08:51:00,America/New_York,,DE,,,
AE732,"ON HOLD",09-24-2022,08:51:00,America/New_York,,PA,,,
AE733,"ON HOLD",09-24-2022,08:51:00,America/New_York,,DE,,,
AE734,"ON HOLD",09-24-2022,08:51:00,America/New_York,,DE,,,
AE735,"ON HOLD",09-24-2022,08:51:00,America/New_York,,DE,,,
AE736,"ON HOLD",09-24-2022,08:51:00,America/New_York,,DE,,,
AE737,"ON HOLD",09-24-2022,08:51:00,America/New_York,,PA,,,
AE738,"ON HOLD",09-24-2022,08:51:01,America/New_York,,PA,,,
AE739,"ON HOLD",09-24-2022,08:51:01,America/New_York,,PA,,,
AE740,"ON HOLD",09-24-2022,08:51:01,America/New_York,,PA,,,
AE741,"ON HOLD",09-24-2022,08:51:01,America/New_York,,PA,,,
AE742,"ON HOLD",09-24-2022,08:51:01,America/New_York,,PA,,,
AE743,"ON HOLD",09-24-2022,08:51:01,America/New_York,,DE,,,
AE744,"ON HOLD",09-24-2022,08:51:01,America/New_York,,DE,,,
AE745,"ON HOLD",09-24-2022,08:51:01,America/New_York,,DE,,,
AE746,"ON HOLD",09-24-2022,08:51:01,America/New_York,,PA,,,
AE747,"ON HOLD",09-24-2022,08:51:01,America/New_York,,PA,,,
AE748,"ON HOLD",09-24-2022,08:51:01,America/New_York,,PA,,,
AE749,"ON HOLD",09-24-2022,08:51:01,America/New_York,,PA,,,
AE750,"ON HOLD",09-24-2022,08:51:01,America/New_York,,PA,,,
AE751,"ON HOLD",09-24-2022,08:51:01,America/New_York,,PA,,,
AE752,"ON HOLD",09-24-2022,08:51:01,America/New_York,,PA,,,
AE753,"ON HOLD",09-24-2022,08:51:01,America/New_York,,DE,,,
AE754,"ON HOLD",09-24-2022,08:51:01,America/New_York,,PA,,,
AE755,"ON HOLD",09-24-2022,08:51:01,America/New_York,,PA,,,
AE756,"ON HOLD",09-24-2022,08:51:01,America/New_York,,PA,,,
AE757,"ON HOLD",09-24-2022,08:51:01,America/New_York,,PA,,,
AE758,"ON HOLD",09-24-2022,08:51:01,America/New_York,,PA,,,
AE759,"ON HOLD",09-24-2022,08:51:01,America/New_York,,PA,,,
AE760,"ON HOLD",09-24-2022,08:51:01,America/New_York,,PA,,,
AE761,"ON HOLD",09-24-2022,08:51:01,America/New_York,,PA,,,
AE762,"ON HOLD",09-24-2022,08:51:01,America/New_York,,PA,,,
AE763,"ON HOLD",09-24-2022,08:51:01,America/New_York,,PA,,,
AE764,"ON HOLD",09-24-2022,08:51:01,America/New_York,,PA,,,
AE765,"ON HOLD",09-24-2022,08:51:01,America/New_York,,PA,,,
AE766,"ON HOLD",09-24-2022,08:51:01,America/New_York,,PA,,,
AE767,"ON HOLD",09-24-2022,08:51:01,America/New_York,,PA,,,
AE768,"ON HOLD",09-24-2022,08:51:01,America/New_York,,PA,,,
AE769,"ON HOLD",09-24-2022,08:51:01,America/New_York,,PA,,,
AE770,"ON HOLD",09-24-2022,08:51:01,America/New_York,,DE,,,
AE771,"ON HOLD",09-24-2022,08:51:01,America/New_York,,DE,,,
AE772,"ON HOLD",09-24-2022,08:51:01,America/New_York,,DE,,,
AE773,"ON HOLD",09-24-2022,08:51:01,America/New_York,,DE,,,
AE774,"ON HOLD",09-24-2022,08:51:01,America/New_York,,DE,,,
AE775,"ON HOLD",09-24-2022,08:51:01,America/New_York,,DE,,,
AE776,"ON HOLD",09-24-2022,08:51:01,America/New_York,,DE,,,
AE777,"ON HOLD",09-24-2022,08:51:01,America/New_York,,DE,,,
AE778,"ON HOLD",09-24-2022,08:51:01,America/New_York,,PA,,,
AE779,"ON HOLD",09-24-2022,08:51:01,America/New_York,,DE,,,
AE780,"ON HOLD",09-24-2022,08:51:01,America/New_York,,DE,,,
AE781,"ON HOLD",09-24-2022,08:51:01,America/New_York,,DE,,,
AE782,"ON HOLD",09-24-2022,08:51:01,America/New_York,,DE,,,
AE783,"ON HOLD",09-24-2022,08:51:01,America/New_York,,PA,,,
AE784,"ON HOLD",09-24-2022,08:51:01,America/New_York,,PA,,,
AE785,"ON HOLD",09-24-2022,08:51:01,America/New_York,,PA,,,
AE786,"ON HOLD",09-24-2022,08:51:01,America/New_York,,PA,,,
AE787,"ON HOLD",09-24-2022,08:51:01,America/New_York,,PA,,,
AE788,"ON HOLD",09-24-2022,08:51:01,America/New_York,,PA,,,
AE789,"ON HOLD",09-24-2022,08:51:01,America/New_York,,DE,,,
AE790,"ON HOLD",09-24-2022,08:51:01,America/New_York,,DE,,,
AE791,"ON HOLD",09-24-2022,08:51:01,America/New_York,,DE,,,
AE792,"ON HOLD",09-24-2022,08:51:01,America/New_York,,PA,,,
AE793,"ON HOLD",09-24-2022,08:51:01,America/New_York,,PA,,,
AE794,"ON HOLD",09-24-2022,08:51:01,America/New_York,,PA,,,
AE795,"ON HOLD",09-24-2022,08:51:01,America/New_York,,PA,,,
AE796,"ON HOLD",09-24-2022,08:51:01,America/New_York,,PA,,,
AE797,"ON HOLD",09-24-2022,08:51:01,America/New_York,,PA,,,
AE798,"ON HOLD",09-24-2022,08:51:01,America/New_York,,PA,,,
AE799,"ON HOLD",09-24-2022,08:51:01,America/New_York,,DE,,,
AE800,"ON HOLD",09-24-2022,08:51:01,America/New_York,,PA,,,
AE801,"ON HOLD",09-24-2022,08:51:01,America/New_York,,PA,,,
AE802,"ON HOLD",09-24-2022,08:51:01,America/New_York,,PA,,,
AE803,"ON HOLD",09-24-2022,08:51:01,America/New_York,,PA,,,
AE804,"ON HOLD",09-24-2022,08:51:01,America/New_York,,PA,,,
AE805,"ON HOLD",09-24-2022,08:51:01,America/New_York,,PA,,,
AE806,"ON HOLD",09-24-2022,08:51:01,America/New_York,,PA,,,
AE807,"ON HOLD",09-24-2022,08:51:01,America/New_York,,PA,,,
AE808,"ON HOLD",09-24-2022,08:51:01,America/New_York,,PA,,,
AE809,"ON HOLD",09-24-2022,08:51:01,America/New_York,,PA,,,
AE810,"ON HOLD",09-24-2022,08:51:01,America/New_York,,PA,,,
AE811,"ON HOLD",09-24-2022,08:51:01,America/New_York,,PA,,,
AE812,"ON HOLD",09-24-2022,08:51:01,America/New_York,,PA,,,
AE813,"ON HOLD",09-24-2022,08:51:01,America/New_York,,PA,,,
AE814,"ON HOLD",09-24-2022,08:51:01,America/New_York,,PA,,,
AE815,"ON HOLD",09-24-2022,08:51:01,America/New_York,,PA,,,
AE816,"ON HOLD",09-24-2022,08:51:01,America/New_York,,DE,,,
AE817,"ON HOLD",09-24-2022,08:51:01,America/New_York,,DE,,,
AE818,"ON HOLD",09-24-2022,08:51:01,America/New_York,,DE,,,
AE819,"ON HOLD",09-24-2022,08:51:01,America/New_York,,DE,,,
AE820,"ON HOLD",09-24-2022,08:51:01,America/New_York,,DE,,,
AE821,"ON HOLD",09-24-2022,08:51:01,America/New_York,,DE,,,
AE822,"ON HOLD",09-24-2022,08:51:01,America/New_York,,DE,,,
AE823,"ON HOLD",09-24-2022,08:51:01,America/New_York,,DE,,,
AE824,"ON HOLD",09-24-2022,08:51:01,America/New_York,,PA,,,
AE825,"ON HOLD",09-24-2022,08:51:01,America/New_York,,DE,,,
AE826,"ON HOLD",09-24-2022,08:51:01,America/New_York,,DE,,,
AE827,"ON HOLD",09-24-2022,08:51:01,America/New_York,,DE,,,
AE828,"ON HOLD",09-24-2022,08:51:01,America/New_York,,DE,,,
AE829,"ON HOLD",09-24-2022,08:51:01,America/New_York,,PA,,,
AE830,"ON HOLD",09-24-2022,08:51:01,America/New_York,,PA,,,
AE831,"ON HOLD",09-24-2022,08:51:01,America/New_York,,PA,,,
AE832,"ON HOLD",09-24-2022,08:51:01,America/New_York,,PA,,,
AE833,"ON HOLD",09-24-2022,08:51:01,America/New_York,,PA,,,
AE834,"ON HOLD",09-24-2022,08:51:01,America/New_York,,PA,,,
AE835,"ON HOLD",09-24-2022,08:51:01,America/New_York,,DE,,,
AE836,"ON HOLD",09-24-2022,08:51:01,America/New_York,,DE,,,
AE837,"ON HOLD",09-24-2022,08:51:01,America/New_York,,DE,,,
AE838,"ON HOLD",09-24-2022,08:51:01,America/New_York,,PA,,,
AE839,"ON HOLD",09-24-2022,08:51:01,America/New_York,,PA,,,
AE840,"ON HOLD",09-24-2022,08:51:01,America/New_York,,PA,,,
AE841,"ON HOLD",09-24-2022,08:51:01,America/New_York,,PA,,,
AE842,"ON HOLD",09-24-2022,08:51:01,America/New_York,,PA,,,
AE843,"ON HOLD",09-24-2022,08:51:01,America/New_York,,PA,,,
AE844,"ON HOLD",09-24-2022,08:51:01,America/New_York,,PA,,,
AE845,"ON HOLD",09-24-2022,08:51:01,America/New_York,,DE,,,
AE846,"ON HOLD",09-24-2022,08:51:01,America/New_York,,PA,,,
AE847,"ON HOLD",09-24-2022,08:51:01,America/New_York,,PA,,,
AE848,"ON HOLD",09-24-2022,08:51:01,America/New_York,,PA,,,
AE849,"ON HOLD",09-24-2022,08:51:01,America/New_York,,PA,,,
AE850,"ON HOLD",09-24-2022,08:51:01,America/New_York,,PA,,,
AE851,"ON HOLD",09-24-2022,08:51:01,America/New_York,,PA,,,
AE852,"ON HOLD",09-24-2022,08:51:01,America/New_York,,PA,,,
AE853,"ON HOLD",09-24-2022,08:51:01,America/New_York,,PA,,,
AE854,"ON HOLD",09-24-2022,08:51:01,America/New_York,,PA,,,
AE855,"ON HOLD",09-24-2022,08:51:01,America/New_York,,PA,,,
AE856,"ON HOLD",09-24-2022,08:51:01,America/New_York,,PA,,,
AE857,"ON HOLD",09-24-2022,08:51:01,America/New_York,,PA,,,
AE858,"ON HOLD",09-24-2022,08:51:01,America/New_York,,PA,,,
AE859,"ON HOLD",09-24-2022,08:51:01,America/New_York,,PA,,,
AE860,"ON HOLD",09-24-2022,08:51:01,America/New_York,,PA,,,
AE861,"ON HOLD",09-24-2022,08:51:01,America/New_York,,PA,,,
AE862,"ON HOLD",09-24-2022,08:51:01,America/New_York,,DE,,,
AE863,"ON HOLD",09-24-2022,08:51:01,America/New_York,,DE,,,
AE864,"ON HOLD",09-24-2022,08:51:01,America/New_York,,DE,,,
AE865,"ON HOLD",09-24-2022,08:51:01,America/New_York,,DE,,,
AE866,"ON HOLD",09-24-2022,08:51:01,America/New_York,,DE,,,
AE867,"ON HOLD",09-24-2022,08:51:01,America/New_York,,DE,,,
AE868,"ON HOLD",09-24-2022,08:51:01,America/New_York,,DE,,,
AE869,"ON HOLD",09-24-2022,08:51:01,America/New_York,,DE,,,
AE870,"ON HOLD",09-24-2022,08:51:01,America/New_York,,PA,,,
AE871,"ON HOLD",09-24-2022,08:51:01,America/New_York,,DE,,,
AE872,"ON HOLD",09-24-2022,08:51:01,America/New_York,,DE,,,
AE873,"ON HOLD",09-24-2022,08:51:01,America/New_York,,DE,,,
AE874,"ON HOLD",09-24-2022,08:51:01,America/New_York,,DE,,,
AE875,"ON HOLD",09-24-2022,08:51:01,America/New_York,,PA,,,
AE876,"ON HOLD",09-24-2022,08:51:01,America/New_York,,PA,,,
AE877,"ON HOLD",09-24-2022,08:51:01,America/New_York,,PA,,,
AE878,"ON HOLD",09-24-2022,08:51:01,America/New_York,,PA,,,
AE879,"ON HOLD",09-24-2022,08:51:01,America/New_York,,PA,,,
AE880,"ON HOLD",09-24-2022,08:51:01,America/New_York,,PA,,,
AE881,"ON HOLD",09-24-2022,08:51:01,America/New_York,,DE,,,
AE882,"ON HOLD",09-24-2022,08:51:01,America/New_York,,DE,,,
AE883,"ON HOLD",09-24-2022,08:51:01,America/New_York,,DE,,,
AE884,"ON HOLD",09-24-2022,08:51:01,America/New_York,,PA,,,
AE885,"ON HOLD",09-24-2022,08:51:01,America/New_York,,PA,,,
AE886,"ON HOLD",09-24-2022,08:51:01,America/New_York,,PA,,,
AE887,"ON HOLD",09-24-2022,08:51:01,America/New_York,,PA,,,
AE888,"ON HOLD",09-24-2022,08:51:01,America/New_York,,PA,,,
AE889,"ON HOLD",09-24-2022,08:51:01,America/New_York,,PA,,,
AE890,"ON HOLD",09-24-2022,08:51:01,America/New_York,,PA,,,
AE891,"ON HOLD",09-24-2022,08:51:01,America/New_York,,DE,,,
AE892,"ON HOLD",09-24-2022,08:51:01,America/New_York,,PA,,,
AE893,"ON HOLD",09-24-2022,08:51:01,America/New_York,,PA,,,
AE894,"ON HOLD",09-24-2022,08:51:01,America/New_York,,PA,,,
